Nombre_Fichero,Clase,Array_Resultado
norm_spec-56617-VB081S05V1_sp15-236.fits,1,"{'Halfa': 1, 'Hbeta': 1, 'OI': 1, 'He I': 1, 'He I b': 1, 'He I c': 1, 'He I d': -1, 'He I e': -1, 'Na D': -1, 'Ca II H': 1, 'Ca II K': 1, 'Li': 1, 'Li b': -1}"
norm_spec-56966-HD052428S022349V01_sp12-150.fits,1,"{'Halfa': 1, 'Hbeta': 1, 'OI': 1, 'He I': 1, 'He I b': 1, 'He I c': 1, 'He I d': -1, 'He I e': 1, 'Na D': -1, 'Ca II H': 1, 'Ca II K': 1, 'Li': 1, 'Li b': -1}"
norm_spec-56980-HD052954N014721V01_sp03-171.fits,1,"{'Halfa': 1, 'Hbeta': 1, 'OI': -1, 'He I': 1, 'He I b': 1, 'He I c': 1, 'He I d': -1, 'He I e': 1, 'Na D': 1, 'Ca II H': -1, 'Ca II K': 1, 'Li': 1, 'Li b': -1}"
norm_spec-57727-GAC081N03B1_sp01-064.fits,1,"{'Halfa': 1, 'Hbeta': 1, 'OI': -1, 'He I': 1, 'He I b': -1, 'He I c': 1, 'He I d': -1, 'He I e': 1, 'Na D': -1, 'Ca II H': 1, 'Ca II K': 1, 'Li': 1, 'Li b': -1}"
norm_spec-58815-HIP2507201_sp07-025.fits,1,"{'Halfa': 1, 'Hbeta': 1, 'OI': -1, 'He I': 1, 'He I b': -1, 'He I c': 1, 'He I d': -1, 'He I e': -1, 'Na D': -1, 'Ca II H': 1, 'Ca II K': 1, 'Li': 1, 'Li b': -1}"
